{"cameraMode":{"drawMode":0,"name":"Shaded","section":"Shading Mode"},"sceneLighting":true,"audioPlay":false,"sceneViewState":{"m_AlwaysRefresh":false,"showFog":true,"showSkybox":true,"showFlares":true,"showImageEffects":true,"showParticleSystems":true,"showVisualEffectGraphs":true,"m_FxEnabled":true},"in2DMode":false,"pivot":{"x":-0.6381850838661194,"y":1.0267741680145264,"z":0.688204288482666},"rotation":{"x":-0.2125776708126068,"y":0.17537374794483186,"z":-0.038813017308712009,"w":-0.9604984521865845},"size":2.323009490966797,"orthographic":true}